{"stats":{"minecraft:picked_up":{"minecraft:dark_oak_door":1,"minecraft:birch_door":1,"minecraft:crafting_table":2,"decocraftia:tomato_food":56,"zombie_extreme:rottenapple":1,"minecraft:spruce_log":7,"minecraft:dirt":1,"decocraftia:lettuce":21,"minecraft:rotten_flesh":3,"zombie_extreme:bandage":1,"minecraft:spruce_boat":1,"minecraft:wheat_seeds":3,"minecraft:spruce_planks":1,"minecraft:poppy":1,"tombstone:magic_scroll":1,"minecraft:bricks":1,"minecraft:mutton":5,"minecraft:oak_planks":6,"minecraft:white_wool":3,"minecraft:book":36},"minecraft:broken":{"minecraft:wooden_sword":1},"minecraft:crafted":{"minecraft:wooden_sword":1,"minecraft:crafting_table":1,"minecraft:spruce_planks":28,"minecraft:stick":16,"minecraft:wooden_pickaxe":1,"minecraft:spruce_boat":1},"minecraft:mined":{"minecraft:spruce_planks":2,"decocraftia:lettuce_plant":8,"minecraft:spruce_log":7,"minecraft:crafting_table":2,"minecraft:grass":3,"minecraft:bookshelf":12,"decocraftia:tomato_plant":28,"minecraft:tall_grass":2,"minecraft:oak_leaves":1},"minecraft:used":{"minecraft:spruce_boat":1,"minecraft:bricks":1,"minecraft:iron_axe":16,"zombie_extreme:counteractingpill":1,"minecraft:spruce_planks":6,"minecraft:wooden_pickaxe":1,"zombie_extreme:whiskey":1,"zombie_extreme:vodka":2,"decocraftia:tomato_food":9,"minecraft:wooden_sword":61,"minecraft:crafting_table":2,"tombstone:gift":2,"decocraftia:lettuce":1,"zombie_extreme:bandage":1,"zombie_extreme:protectionpill":1,"zombie_extreme:antiradon_enhanced_action":1},"minecraft:killed_by":{"zombie_extreme:fast_zombie_v_2":3,"zombie_extreme:infected_spec_ops_soldier":1},"minecraft:killed":{"minecraft:sheep":3,"minecraft:zombie":1,"zombie_extreme:night_hunter":1,"zombie_extreme:fast_zombie_v_2":2},"minecraft:dropped":{"zombie_extreme:bandage":1},"minecraft:custom":{"minecraft:time_since_rest":10517,"minecraft:sprint_one_cm":81594,"minecraft:damage_taken":875,"minecraft:walk_one_cm":54139,"minecraft:mob_kills":7,"minecraft:drop":1,"minecraft:damage_dealt":1926,"minecraft:swim_one_cm":20980,"minecraft:interact_with_crafting_table":3,"minecraft:fly_one_cm":142515,"minecraft:open_chest":12,"minecraft:crouch_one_cm":400,"minecraft:play_one_minute":58267,"tombstone:undead_killed":4,"minecraft:deaths":4,"minecraft:sneak_time":346,"minecraft:walk_under_water_one_cm":1812,"minecraft:boat_one_cm":384317,"minecraft:jump":621,"minecraft:leave_game":2,"minecraft:walk_on_water_one_cm":6202,"minecraft:time_since_death":10611,"minecraft:damage_resisted":58,"minecraft:fall_one_cm":11903}},"DataVersion":2586}