{"stats":{"minecraft:mined":{"decocraftia:lettuce_plant":8,"minecraft:spruce_log":7,"minecraft:crafting_table":2,"minecraft:grass":3,"minecraft:bookshelf":12,"decocraftia:tomato_plant":28,"minecraft:tall_grass":1,"minecraft:oak_leaves":1},"minecraft:killed":{"minecraft:sheep":3},"minecraft:used":{"zombie_extreme:counteractingpill":1,"minecraft:wooden_pickaxe":1,"zombie_extreme:whiskey":1,"zombie_extreme:vodka":1,"decocraftia:tomato_food":1,"minecraft:wooden_sword":32,"minecraft:crafting_table":2,"decocraftia:lettuce":1,"zombie_extreme:antiradon_enhanced_action":1},"minecraft:picked_up":{"minecraft:book":36,"minecraft:crafting_table":2,"decocraftia:tomato_food":56,"minecraft:spruce_log":7,"zombie_extreme:rottenapple":1,"decocraftia:lettuce":21,"minecraft:wheat_seeds":2,"minecraft:mutton":5,"minecraft:white_wool":3,"minecraft:dark_oak_door":1},"minecraft:custom":{"minecraft:time_since_rest":6539,"minecraft:sprint_one_cm":54320,"minecraft:damage_taken":354,"minecraft:walk_one_cm":38668,"minecraft:mob_kills":3,"minecraft:damage_dealt":398,"minecraft:interact_with_crafting_table":3,"minecraft:swim_one_cm":16358,"minecraft:fly_one_cm":85958,"minecraft:open_chest":8,"minecraft:crouch_one_cm":49,"minecraft:play_one_minute":31080,"minecraft:deaths":1,"minecraft:sneak_time":94,"minecraft:walk_under_water_one_cm":1770,"minecraft:jump":302,"minecraft:leave_game":2,"minecraft:time_since_death":7343,"minecraft:walk_on_water_one_cm":4437,"minecraft:damage_resisted":58,"minecraft:fall_one_cm":4298},"minecraft:crafted":{"minecraft:wooden_sword":1,"minecraft:crafting_table":1,"minecraft:stick":16,"minecraft:spruce_planks":28,"minecraft:wooden_pickaxe":1,"minecraft:spruce_boat":1},"minecraft:killed_by":{"zombie_extreme:infected_spec_ops_soldier":1}},"DataVersion":2586}