{"stats":{"minecraft:killed":{"zombie_extreme:infected_spec_ops_soldier":1},"minecraft:mined":{"minecraft:grass":3,"zombie_extreme:radio":1,"minecraft:glass_pane":2,"minecraft:dark_oak_door":1,"minecraft:tall_grass":2,"minecraft:crafting_table":1},"minecraft:used":{"minecraft:crafting_table":1,"alexsmobs:animal_dictionary":1,"zombie_extreme:golfclub":14,"zombie_extreme:whiskey":1},"minecraft:picked_up":{"minecraft:crafting_table":1,"zombie_extreme:radio":1,"minecraft:rotten_flesh":2,"tombstone:essence_of_undeath":1},"minecraft:custom":{"minecraft:time_since_rest":3438,"minecraft:open_chest":4,"minecraft:play_one_minute":18306,"minecraft:crouch_one_cm":276,"minecraft:deaths":1,"minecraft:sprint_one_cm":74176,"minecraft:damage_taken":455,"tombstone:undead_killed":1,"minecraft:walk_one_cm":43599,"minecraft:sneak_time":279,"minecraft:walk_under_water_one_cm":2015,"minecraft:mob_kills":1,"minecraft:jump":279,"minecraft:damage_dealt":92,"minecraft:leave_game":2,"minecraft:walk_on_water_one_cm":8368,"minecraft:time_since_death":4411,"minecraft:climb_one_cm":408,"minecraft:fly_one_cm":62786,"minecraft:swim_one_cm":7944,"minecraft:fall_one_cm":3673},"minecraft:killed_by":{"zombie_extreme:zombie_brute":1}},"DataVersion":2586}