{"stats":{"minecraft:picked_up":{"minecraft:crafting_table":1,"minecraft:dirt":7,"zombie_extreme:radio":1,"minecraft:rotten_flesh":2,"minecraft:spruce_planks":1,"tombstone:essence_of_undeath":1,"minecraft:white_wool":1},"minecraft:mined":{"zombie_extreme:radio":1,"minecraft:glass_pane":2,"minecraft:dark_oak_door":1,"minecraft:crafting_table":1,"minecraft:grass":3,"minecraft:grass_block":1,"minecraft:dirt":6,"minecraft:tall_grass":2},"minecraft:used":{"minecraft:spruce_planks":1,"zombie_extreme:golfclub":20,"zombie_extreme:whiskey":1,"minecraft:dirt":7,"minecraft:crafting_table":1,"alexsmobs:animal_dictionary":1},"minecraft:killed":{"zombie_extreme:infected_spec_ops_soldier":1},"minecraft:killed_by":{"zombie_extreme:zombie_brute":1},"minecraft:dropped":{"minecraft:rotten_flesh":2,"tombstone:essence_of_undeath":1,"minecraft:white_wool":1},"minecraft:custom":{"minecraft:time_since_rest":16841,"minecraft:sprint_one_cm":146324,"minecraft:damage_taken":555,"minecraft:walk_one_cm":61143,"minecraft:mob_kills":1,"minecraft:drop":4,"minecraft:damage_dealt":172,"minecraft:swim_one_cm":19066,"minecraft:fly_one_cm":110831,"minecraft:open_chest":4,"minecraft:crouch_one_cm":372,"minecraft:play_one_minute":37682,"tombstone:undead_killed":1,"minecraft:deaths":2,"minecraft:sneak_time":362,"minecraft:walk_under_water_one_cm":3575,"minecraft:boat_one_cm":32912,"minecraft:jump":515,"minecraft:leave_game":3,"minecraft:walk_on_water_one_cm":11967,"minecraft:time_since_death":19233,"minecraft:climb_one_cm":408,"minecraft:fall_one_cm":7502}},"DataVersion":2586}